COD_VAR;LIB_VAR;COD_MOD;LIB_MOD;TYPE_VAR;LONG_VAR
ADEC;Année de décès;2021;Fichier décès de 2021;CHAR;4
MDEC;Mois de décès;01;Janvier;CHAR;2
MDEC;Mois de décès;02;Février;CHAR;2
MDEC;Mois de décès;03;Mars;CHAR;2
MDEC;Mois de décès;04;Avril;CHAR;2
MDEC;Mois de décès;05;Mai;CHAR;2
MDEC;Mois de décès;06;Juin;CHAR;2
MDEC;Mois de décès;07;Juillet;CHAR;2
MDEC;Mois de décès;08;Août;CHAR;2
MDEC;Mois de décès;09;Septembre;CHAR;2
MDEC;Mois de décès;10;Octobre;CHAR;2
MDEC;Mois de décès;11;Novembre;CHAR;2
MDEC;Mois de décès;12;Décembre;CHAR;2
JDEC;Jour de décès;01;1er jour du mois;CHAR;2
JDEC;Jour de décès;02;2e jour du mois;CHAR;2
JDEC;Jour de décès;03;3e jour du mois;CHAR;2
JDEC;Jour de décès;04;4e jour du mois;CHAR;2
JDEC;Jour de décès;05;5e jour du mois;CHAR;2
JDEC;Jour de décès;06;6e jour du mois;CHAR;2
JDEC;Jour de décès;07;7e jour du mois;CHAR;2
JDEC;Jour de décès;08;8e jour du mois;CHAR;2
JDEC;Jour de décès;09;9e jour du mois;CHAR;2
JDEC;Jour de décès;10;10e jour du mois;CHAR;2
JDEC;Jour de décès;11;11e jour du mois;CHAR;2
JDEC;Jour de décès;12;12e jour du mois;CHAR;2
JDEC;Jour de décès;13;13e jour du mois;CHAR;2
JDEC;Jour de décès;14;14e jour du mois;CHAR;2
JDEC;Jour de décès;15;15e jour du mois;CHAR;2
JDEC;Jour de décès;16;16e jour du mois;CHAR;2
JDEC;Jour de décès;17;17e jour du mois;CHAR;2
JDEC;Jour de décès;18;18e jour du mois;CHAR;2
JDEC;Jour de décès;19;19e jour du mois;CHAR;2
JDEC;Jour de décès;20;20e jour du mois;CHAR;2
JDEC;Jour de décès;21;21e jour du mois;CHAR;2
JDEC;Jour de décès;22;22e jour du mois;CHAR;2
JDEC;Jour de décès;23;23e jour du mois;CHAR;2
JDEC;Jour de décès;24;24e jour du mois;CHAR;2
JDEC;Jour de décès;25;25e jour du mois;CHAR;2
JDEC;Jour de décès;26;26e jour du mois;CHAR;2
JDEC;Jour de décès;27;27e jour du mois;CHAR;2
JDEC;Jour de décès;28;28e jour du mois;CHAR;2
JDEC;Jour de décès;29;29e jour du mois;CHAR;2
JDEC;Jour de décès;30;30e jour du mois;CHAR;2
JDEC;Jour de décès;31;31e jour du mois;CHAR;2
DEPDEC;Département de décès;01;Ain;CHAR;3
DEPDEC;Département de décès;02;Aisne;CHAR;3
DEPDEC;Département de décès;03;Allier;CHAR;3
DEPDEC;Département de décès;04;Alpes-de-Haute-Provence;CHAR;3
DEPDEC;Département de décès;05;Hautes-Alpes;CHAR;3
DEPDEC;Département de décès;06;Alpes-Maritimes;CHAR;3
DEPDEC;Département de décès;07;Ardèche;CHAR;3
DEPDEC;Département de décès;08;Ardennes;CHAR;3
DEPDEC;Département de décès;09;Ariège;CHAR;3
DEPDEC;Département de décès;10;Aube;CHAR;3
DEPDEC;Département de décès;11;Aude;CHAR;3
DEPDEC;Département de décès;12;Aveyron;CHAR;3
DEPDEC;Département de décès;13;Bouches-du-Rhône;CHAR;3
DEPDEC;Département de décès;14;Calvados;CHAR;3
DEPDEC;Département de décès;15;Cantal;CHAR;3
DEPDEC;Département de décès;16;Charente;CHAR;3
DEPDEC;Département de décès;17;Charente-Maritime;CHAR;3
DEPDEC;Département de décès;18;Cher;CHAR;3
DEPDEC;Département de décès;19;Corrèze;CHAR;3
DEPDEC;Département de décès;2A;Corse-du-Sud;CHAR;3
DEPDEC;Département de décès;2B;Haute-Corse;CHAR;3
DEPDEC;Département de décès;21;Côte-d'Or;CHAR;3
DEPDEC;Département de décès;22;Côtes-d'Armor;CHAR;3
DEPDEC;Département de décès;23;Creuse;CHAR;3
DEPDEC;Département de décès;24;Dordogne;CHAR;3
DEPDEC;Département de décès;25;Doubs;CHAR;3
DEPDEC;Département de décès;26;Drôme;CHAR;3
DEPDEC;Département de décès;27;Eure;CHAR;3
DEPDEC;Département de décès;28;Eure-et-Loir;CHAR;3
DEPDEC;Département de décès;29;Finistère;CHAR;3
DEPDEC;Département de décès;30;Gard;CHAR;3
DEPDEC;Département de décès;31;Haute-Garonne;CHAR;3
DEPDEC;Département de décès;32;Gers;CHAR;3
DEPDEC;Département de décès;33;Gironde;CHAR;3
DEPDEC;Département de décès;34;Hérault;CHAR;3
DEPDEC;Département de décès;35;Ille-et-Vilaine;CHAR;3
DEPDEC;Département de décès;36;Indre;CHAR;3
DEPDEC;Département de décès;37;Indre-et-Loire;CHAR;3
DEPDEC;Département de décès;38;Isère;CHAR;3
DEPDEC;Département de décès;39;Jura;CHAR;3
DEPDEC;Département de décès;40;Landes;CHAR;3
DEPDEC;Département de décès;41;Loir-et-Cher;CHAR;3
DEPDEC;Département de décès;42;Loire;CHAR;3
DEPDEC;Département de décès;43;Haute-Loire;CHAR;3
DEPDEC;Département de décès;44;Loire-Atlantique;CHAR;3
DEPDEC;Département de décès;45;Loiret;CHAR;3
DEPDEC;Département de décès;46;Lot;CHAR;3
DEPDEC;Département de décès;47;Lot-et-Garonne;CHAR;3
DEPDEC;Département de décès;48;Lozère;CHAR;3
DEPDEC;Département de décès;49;Maine-et-Loire;CHAR;3
DEPDEC;Département de décès;50;Manche;CHAR;3
DEPDEC;Département de décès;51;Marne;CHAR;3
DEPDEC;Département de décès;52;Haute-Marne;CHAR;3
DEPDEC;Département de décès;53;Mayenne;CHAR;3
DEPDEC;Département de décès;54;Meurthe-et-Moselle;CHAR;3
DEPDEC;Département de décès;55;Meuse;CHAR;3
DEPDEC;Département de décès;56;Morbihan;CHAR;3
DEPDEC;Département de décès;57;Moselle;CHAR;3
DEPDEC;Département de décès;58;Nièvre;CHAR;3
DEPDEC;Département de décès;59;Nord;CHAR;3
DEPDEC;Département de décès;60;Oise;CHAR;3
DEPDEC;Département de décès;61;Orne;CHAR;3
DEPDEC;Département de décès;62;Pas-de-Calais;CHAR;3
DEPDEC;Département de décès;63;Puy-de-Dôme;CHAR;3
DEPDEC;Département de décès;64;Pyrénées-Atlantiques;CHAR;3
DEPDEC;Département de décès;65;Hautes-Pyrénées;CHAR;3
DEPDEC;Département de décès;66;Pyrénées-Orientales;CHAR;3
DEPDEC;Département de décès;67;Bas-Rhin;CHAR;3
DEPDEC;Département de décès;68;Haut-Rhin;CHAR;3
DEPDEC;Département de décès;69;Rhône;CHAR;3
DEPDEC;Département de décès;70;Haute-Saône;CHAR;3
DEPDEC;Département de décès;71;Saône-et-Loire;CHAR;3
DEPDEC;Département de décès;72;Sarthe;CHAR;3
DEPDEC;Département de décès;73;Savoie;CHAR;3
DEPDEC;Département de décès;74;Haute-Savoie;CHAR;3
DEPDEC;Département de décès;75;Paris;CHAR;3
DEPDEC;Département de décès;76;Seine-Maritime;CHAR;3
DEPDEC;Département de décès;77;Seine-et-Marne;CHAR;3
DEPDEC;Département de décès;78;Yvelines;CHAR;3
DEPDEC;Département de décès;79;Deux-Sèvres;CHAR;3
DEPDEC;Département de décès;80;Somme;CHAR;3
DEPDEC;Département de décès;81;Tarn;CHAR;3
DEPDEC;Département de décès;82;Tarn-et-Garonne;CHAR;3
DEPDEC;Département de décès;83;Var;CHAR;3
DEPDEC;Département de décès;84;Vaucluse;CHAR;3
DEPDEC;Département de décès;85;Vendée;CHAR;3
DEPDEC;Département de décès;86;Vienne;CHAR;3
DEPDEC;Département de décès;87;Haute-Vienne;CHAR;3
DEPDEC;Département de décès;88;Vosges;CHAR;3
DEPDEC;Département de décès;89;Yonne;CHAR;3
DEPDEC;Département de décès;90;Territoire de Belfort;CHAR;3
DEPDEC;Département de décès;91;Essonne;CHAR;3
DEPDEC;Département de décès;92;Hauts-de-Seine;CHAR;3
DEPDEC;Département de décès;93;Seine-Saint-Denis;CHAR;3
DEPDEC;Département de décès;94;Val-de-Marne;CHAR;3
DEPDEC;Département de décès;95;Val-d'Oise;CHAR;3
DEPDEC;Département de décès;971;Guadeloupe;CHAR;3
DEPDEC;Département de décès;972;Martinique;CHAR;3
DEPDEC;Département de décès;973;Guyane;CHAR;3
DEPDEC;Département de décès;974;La Réunion;CHAR;3
DEPDEC;Département de décès;976;Mayotte (DOM depuis avril 2011);CHAR;3
SEXE;Sexe;1;Masculin;CHAR;1
SEXE;Sexe;2;Féminin;CHAR;1
ANAIS;Année de naissance du décédé;1902;1902;CHAR;4
ANAIS;Année de naissance du décédé;1905;1905;CHAR;4
ANAIS;Année de naissance du décédé;1906;1906;CHAR;4
ANAIS;Année de naissance du décédé;1907;1907;CHAR;4
ANAIS;Année de naissance du décédé;1909;1909;CHAR;4
ANAIS;Année de naissance du décédé;1910;1910;CHAR;4
ANAIS;Année de naissance du décédé;1911;1911;CHAR;4
ANAIS;Année de naissance du décédé;1912;1912;CHAR;4
ANAIS;Année de naissance du décédé;1913;1913;CHAR;4
ANAIS;Année de naissance du décédé;1914;1914;CHAR;4
ANAIS;Année de naissance du décédé;1915;1915;CHAR;4
ANAIS;Année de naissance du décédé;1916;1916;CHAR;4
ANAIS;Année de naissance du décédé;1917;1917;CHAR;4
ANAIS;Année de naissance du décédé;1918;1918;CHAR;4
ANAIS;Année de naissance du décédé;1919;1919;CHAR;4
ANAIS;Année de naissance du décédé;1920;1920;CHAR;4
ANAIS;Année de naissance du décédé;1921;1921;CHAR;4
ANAIS;Année de naissance du décédé;1922;1922;CHAR;4
ANAIS;Année de naissance du décédé;1923;1923;CHAR;4
ANAIS;Année de naissance du décédé;1924;1924;CHAR;4
ANAIS;Année de naissance du décédé;1925;1925;CHAR;4
ANAIS;Année de naissance du décédé;1926;1926;CHAR;4
ANAIS;Année de naissance du décédé;1927;1927;CHAR;4
ANAIS;Année de naissance du décédé;1928;1928;CHAR;4
ANAIS;Année de naissance du décédé;1929;1929;CHAR;4
ANAIS;Année de naissance du décédé;1930;1930;CHAR;4
ANAIS;Année de naissance du décédé;1931;1931;CHAR;4
ANAIS;Année de naissance du décédé;1932;1932;CHAR;4
ANAIS;Année de naissance du décédé;1933;1933;CHAR;4
ANAIS;Année de naissance du décédé;1934;1934;CHAR;4
ANAIS;Année de naissance du décédé;1935;1935;CHAR;4
ANAIS;Année de naissance du décédé;1936;1936;CHAR;4
ANAIS;Année de naissance du décédé;1937;1937;CHAR;4
ANAIS;Année de naissance du décédé;1938;1938;CHAR;4
ANAIS;Année de naissance du décédé;1939;1939;CHAR;4
ANAIS;Année de naissance du décédé;1940;1940;CHAR;4
ANAIS;Année de naissance du décédé;1941;1941;CHAR;4
ANAIS;Année de naissance du décédé;1942;1942;CHAR;4
ANAIS;Année de naissance du décédé;1943;1943;CHAR;4
ANAIS;Année de naissance du décédé;1944;1944;CHAR;4
ANAIS;Année de naissance du décédé;1945;1945;CHAR;4
ANAIS;Année de naissance du décédé;1946;1946;CHAR;4
ANAIS;Année de naissance du décédé;1947;1947;CHAR;4
ANAIS;Année de naissance du décédé;1948;1948;CHAR;4
ANAIS;Année de naissance du décédé;1949;1949;CHAR;4
ANAIS;Année de naissance du décédé;1950;1950;CHAR;4
ANAIS;Année de naissance du décédé;1951;1951;CHAR;4
ANAIS;Année de naissance du décédé;1952;1952;CHAR;4
ANAIS;Année de naissance du décédé;1953;1953;CHAR;4
ANAIS;Année de naissance du décédé;1954;1954;CHAR;4
ANAIS;Année de naissance du décédé;1955;1955;CHAR;4
ANAIS;Année de naissance du décédé;1956;1956;CHAR;4
ANAIS;Année de naissance du décédé;1957;1957;CHAR;4
ANAIS;Année de naissance du décédé;1958;1958;CHAR;4
ANAIS;Année de naissance du décédé;1959;1959;CHAR;4
ANAIS;Année de naissance du décédé;1960;1960;CHAR;4
ANAIS;Année de naissance du décédé;1961;1961;CHAR;4
ANAIS;Année de naissance du décédé;1962;1962;CHAR;4
ANAIS;Année de naissance du décédé;1963;1963;CHAR;4
ANAIS;Année de naissance du décédé;1964;1964;CHAR;4
ANAIS;Année de naissance du décédé;1965;1965;CHAR;4
ANAIS;Année de naissance du décédé;1966;1966;CHAR;4
ANAIS;Année de naissance du décédé;1967;1967;CHAR;4
ANAIS;Année de naissance du décédé;1968;1968;CHAR;4
ANAIS;Année de naissance du décédé;1969;1969;CHAR;4
ANAIS;Année de naissance du décédé;1970;1970;CHAR;4
ANAIS;Année de naissance du décédé;1971;1971;CHAR;4
ANAIS;Année de naissance du décédé;1972;1972;CHAR;4
ANAIS;Année de naissance du décédé;1973;1973;CHAR;4
ANAIS;Année de naissance du décédé;1974;1974;CHAR;4
ANAIS;Année de naissance du décédé;1975;1975;CHAR;4
ANAIS;Année de naissance du décédé;1976;1976;CHAR;4
ANAIS;Année de naissance du décédé;1977;1977;CHAR;4
ANAIS;Année de naissance du décédé;1978;1978;CHAR;4
ANAIS;Année de naissance du décédé;1979;1979;CHAR;4
ANAIS;Année de naissance du décédé;1980;1980;CHAR;4
ANAIS;Année de naissance du décédé;1981;1981;CHAR;4
ANAIS;Année de naissance du décédé;1982;1982;CHAR;4
ANAIS;Année de naissance du décédé;1983;1983;CHAR;4
ANAIS;Année de naissance du décédé;1984;1984;CHAR;4
ANAIS;Année de naissance du décédé;1985;1985;CHAR;4
ANAIS;Année de naissance du décédé;1986;1986;CHAR;4
ANAIS;Année de naissance du décédé;1987;1987;CHAR;4
ANAIS;Année de naissance du décédé;1988;1988;CHAR;4
ANAIS;Année de naissance du décédé;1989;1989;CHAR;4
ANAIS;Année de naissance du décédé;1990;1990;CHAR;4
ANAIS;Année de naissance du décédé;1991;1991;CHAR;4
ANAIS;Année de naissance du décédé;1992;1992;CHAR;4
ANAIS;Année de naissance du décédé;1993;1993;CHAR;4
ANAIS;Année de naissance du décédé;1994;1994;CHAR;4
ANAIS;Année de naissance du décédé;1995;1995;CHAR;4
ANAIS;Année de naissance du décédé;1996;1996;CHAR;4
ANAIS;Année de naissance du décédé;1997;1997;CHAR;4
ANAIS;Année de naissance du décédé;1998;1998;CHAR;4
ANAIS;Année de naissance du décédé;1999;1999;CHAR;4
ANAIS;Année de naissance du décédé;2000;2000;CHAR;4
ANAIS;Année de naissance du décédé;2001;2001;CHAR;4
ANAIS;Année de naissance du décédé;2002;2002;CHAR;4
ANAIS;Année de naissance du décédé;2003;2003;CHAR;4
ANAIS;Année de naissance du décédé;2004;2004;CHAR;4
ANAIS;Année de naissance du décédé;2005;2005;CHAR;4
ANAIS;Année de naissance du décédé;2006;2006;CHAR;4
ANAIS;Année de naissance du décédé;2007;2007;CHAR;4
ANAIS;Année de naissance du décédé;2008;2008;CHAR;4
ANAIS;Année de naissance du décédé;2009;2009;CHAR;4
ANAIS;Année de naissance du décédé;2010;2010;CHAR;4
ANAIS;Année de naissance du décédé;2011;2011;CHAR;4
ANAIS;Année de naissance du décédé;2012;2012;CHAR;4
ANAIS;Année de naissance du décédé;2013;2013;CHAR;4
ANAIS;Année de naissance du décédé;2014;2014;CHAR;4
ANAIS;Année de naissance du décédé;2015;2015;CHAR;4
ANAIS;Année de naissance du décédé;2016;2016;CHAR;4
ANAIS;Année de naissance du décédé;2017;2017;CHAR;4
ANAIS;Année de naissance du décédé;2018;2018;CHAR;4
ANAIS;Année de naissance du décédé;2019;2019;CHAR;4
ANAIS;Année de naissance du décédé;2020;2020;CHAR;4
ANAIS;Année de naissance du décédé;2021;2021;CHAR;4
MNAIS;Mois de naissance;01;Janvier;CHAR;2
MNAIS;Mois de naissance;02;Février;CHAR;2
MNAIS;Mois de naissance;03;Mars;CHAR;2
MNAIS;Mois de naissance;04;Avril;CHAR;2
MNAIS;Mois de naissance;05;Mai;CHAR;2
MNAIS;Mois de naissance;06;Juin;CHAR;2
MNAIS;Mois de naissance;07;Juillet;CHAR;2
MNAIS;Mois de naissance;08;Août;CHAR;2
MNAIS;Mois de naissance;09;Septembre;CHAR;2
MNAIS;Mois de naissance;10;Octobre;CHAR;2
MNAIS;Mois de naissance;11;Novembre;CHAR;2
MNAIS;Mois de naissance;12;Décembre;CHAR;2
JNAIS;Jour de naissance;01;1er jour du mois;CHAR;2
JNAIS;Jour de naissance;02;2e jour du mois;CHAR;2
JNAIS;Jour de naissance;03;3e jour du mois;CHAR;2
JNAIS;Jour de naissance;04;4e jour du mois;CHAR;2
JNAIS;Jour de naissance;05;5e jour du mois;CHAR;2
JNAIS;Jour de naissance;06;6e jour du mois;CHAR;2
JNAIS;Jour de naissance;07;7e jour du mois;CHAR;2
JNAIS;Jour de naissance;08;8e jour du mois;CHAR;2
JNAIS;Jour de naissance;09;9e jour du mois;CHAR;2
JNAIS;Jour de naissance;10;10e jour du mois;CHAR;2
JNAIS;Jour de naissance;11;11e jour du mois;CHAR;2
JNAIS;Jour de naissance;12;12e jour du mois;CHAR;2
JNAIS;Jour de naissance;13;13e jour du mois;CHAR;2
JNAIS;Jour de naissance;14;14e jour du mois;CHAR;2
JNAIS;Jour de naissance;15;15e jour du mois;CHAR;2
JNAIS;Jour de naissance;16;16e jour du mois;CHAR;2
JNAIS;Jour de naissance;17;17e jour du mois;CHAR;2
JNAIS;Jour de naissance;18;18e jour du mois;CHAR;2
JNAIS;Jour de naissance;19;19e jour du mois;CHAR;2
JNAIS;Jour de naissance;20;20e jour du mois;CHAR;2
JNAIS;Jour de naissance;21;21e jour du mois;CHAR;2
JNAIS;Jour de naissance;22;22e jour du mois;CHAR;2
JNAIS;Jour de naissance;23;23e jour du mois;CHAR;2
JNAIS;Jour de naissance;24;24e jour du mois;CHAR;2
JNAIS;Jour de naissance;25;25e jour du mois;CHAR;2
JNAIS;Jour de naissance;26;26e jour du mois;CHAR;2
JNAIS;Jour de naissance;27;27e jour du mois;CHAR;2
JNAIS;Jour de naissance;28;28e jour du mois;CHAR;2
JNAIS;Jour de naissance;29;29e jour du mois;CHAR;2
JNAIS;Jour de naissance;30;30e jour du mois;CHAR;2
JNAIS;Jour de naissance;31;31e jour du mois;CHAR;2
DEPNAIS;Département de naissance du décédé;01;Ain;CHAR;3
DEPNAIS;Département de naissance du décédé;02;Aisne;CHAR;3
DEPNAIS;Département de naissance du décédé;03;Allier;CHAR;3
DEPNAIS;Département de naissance du décédé;04;Alpes-de-Haute-Provence;CHAR;3
DEPNAIS;Département de naissance du décédé;05;Hautes-Alpes;CHAR;3
DEPNAIS;Département de naissance du décédé;06;Alpes-Maritimes;CHAR;3
DEPNAIS;Département de naissance du décédé;07;Ardèche;CHAR;3
DEPNAIS;Département de naissance du décédé;08;Ardennes;CHAR;3
DEPNAIS;Département de naissance du décédé;09;Ariège;CHAR;3
DEPNAIS;Département de naissance du décédé;10;Aube;CHAR;3
DEPNAIS;Département de naissance du décédé;11;Aude;CHAR;3
DEPNAIS;Département de naissance du décédé;12;Aveyron;CHAR;3
DEPNAIS;Département de naissance du décédé;13;Bouches-du-Rhône;CHAR;3
DEPNAIS;Département de naissance du décédé;14;Calvados;CHAR;3
DEPNAIS;Département de naissance du décédé;15;Cantal;CHAR;3
DEPNAIS;Département de naissance du décédé;16;Charente;CHAR;3
DEPNAIS;Département de naissance du décédé;17;Charente-Maritime;CHAR;3
DEPNAIS;Département de naissance du décédé;18;Cher;CHAR;3
DEPNAIS;Département de naissance du décédé;19;Corrèze;CHAR;3
DEPNAIS;Département de naissance du décédé;20;Corse;CHAR;3
DEPNAIS;Département de naissance du décédé;2A;Corse-du-Sud;CHAR;3
DEPNAIS;Département de naissance du décédé;2B;Haute-Corse;CHAR;3
DEPNAIS;Département de naissance du décédé;21;Côte-d'Or;CHAR;3
DEPNAIS;Département de naissance du décédé;22;Côtes-d'Armor;CHAR;3
DEPNAIS;Département de naissance du décédé;23;Creuse;CHAR;3
DEPNAIS;Département de naissance du décédé;24;Dordogne;CHAR;3
DEPNAIS;Département de naissance du décédé;25;Doubs;CHAR;3
DEPNAIS;Département de naissance du décédé;26;Drôme;CHAR;3
DEPNAIS;Département de naissance du décédé;27;Eure;CHAR;3
DEPNAIS;Département de naissance du décédé;28;Eure-et-Loir;CHAR;3
DEPNAIS;Département de naissance du décédé;29;Finistère;CHAR;3
DEPNAIS;Département de naissance du décédé;30;Gard;CHAR;3
DEPNAIS;Département de naissance du décédé;31;Haute-Garonne;CHAR;3
DEPNAIS;Département de naissance du décédé;32;Gers;CHAR;3
DEPNAIS;Département de naissance du décédé;33;Gironde;CHAR;3
DEPNAIS;Département de naissance du décédé;34;Hérault;CHAR;3
DEPNAIS;Département de naissance du décédé;35;Ille-et-Vilaine;CHAR;3
DEPNAIS;Département de naissance du décédé;36;Indre;CHAR;3
DEPNAIS;Département de naissance du décédé;37;Indre-et-Loire;CHAR;3
DEPNAIS;Département de naissance du décédé;38;Isère;CHAR;3
DEPNAIS;Département de naissance du décédé;39;Jura;CHAR;3
DEPNAIS;Département de naissance du décédé;40;Landes;CHAR;3
DEPNAIS;Département de naissance du décédé;41;Loir-et-Cher;CHAR;3
DEPNAIS;Département de naissance du décédé;42;Loire;CHAR;3
DEPNAIS;Département de naissance du décédé;43;Haute-Loire;CHAR;3
DEPNAIS;Département de naissance du décédé;44;Loire-Atlantique;CHAR;3
DEPNAIS;Département de naissance du décédé;45;Loiret;CHAR;3
DEPNAIS;Département de naissance du décédé;46;Lot;CHAR;3
DEPNAIS;Département de naissance du décédé;47;Lot-et-Garonne;CHAR;3
DEPNAIS;Département de naissance du décédé;48;Lozère;CHAR;3
DEPNAIS;Département de naissance du décédé;49;Maine-et-Loire;CHAR;3
DEPNAIS;Département de naissance du décédé;50;Manche;CHAR;3
DEPNAIS;Département de naissance du décédé;51;Marne;CHAR;3
DEPNAIS;Département de naissance du décédé;52;Haute-Marne;CHAR;3
DEPNAIS;Département de naissance du décédé;53;Mayenne;CHAR;3
DEPNAIS;Département de naissance du décédé;54;Meurthe-et-Moselle;CHAR;3
DEPNAIS;Département de naissance du décédé;55;Meuse;CHAR;3
DEPNAIS;Département de naissance du décédé;56;Morbihan;CHAR;3
DEPNAIS;Département de naissance du décédé;57;Moselle;CHAR;3
DEPNAIS;Département de naissance du décédé;58;Nièvre;CHAR;3
DEPNAIS;Département de naissance du décédé;59;Nord;CHAR;3
DEPNAIS;Département de naissance du décédé;60;Oise;CHAR;3
DEPNAIS;Département de naissance du décédé;61;Orne;CHAR;3
DEPNAIS;Département de naissance du décédé;62;Pas-de-Calais;CHAR;3
DEPNAIS;Département de naissance du décédé;63;Puy-de-Dôme;CHAR;3
DEPNAIS;Département de naissance du décédé;64;Pyrénées-Atlantiques;CHAR;3
DEPNAIS;Département de naissance du décédé;65;Hautes-Pyrénées;CHAR;3
DEPNAIS;Département de naissance du décédé;66;Pyrénées-Orientales;CHAR;3
DEPNAIS;Département de naissance du décédé;67;Bas-Rhin;CHAR;3
DEPNAIS;Département de naissance du décédé;68;Haut-Rhin;CHAR;3
DEPNAIS;Département de naissance du décédé;69;Rhône;CHAR;3
DEPNAIS;Département de naissance du décédé;70;Haute-Saône;CHAR;3
DEPNAIS;Département de naissance du décédé;71;Saône-et-Loire;CHAR;3
DEPNAIS;Département de naissance du décédé;72;Sarthe;CHAR;3
DEPNAIS;Département de naissance du décédé;73;Savoie;CHAR;3
DEPNAIS;Département de naissance du décédé;74;Haute-Savoie;CHAR;3
DEPNAIS;Département de naissance du décédé;75;Paris;CHAR;3
DEPNAIS;Département de naissance du décédé;76;Seine-Maritime;CHAR;3
DEPNAIS;Département de naissance du décédé;77;Seine-et-Marne;CHAR;3
DEPNAIS;Département de naissance du décédé;78;Yvelines;CHAR;3
DEPNAIS;Département de naissance du décédé;79;Deux-Sèvres;CHAR;3
DEPNAIS;Département de naissance du décédé;80;Somme;CHAR;3
DEPNAIS;Département de naissance du décédé;81;Tarn;CHAR;3
DEPNAIS;Département de naissance du décédé;82;Tarn-et-Garonne;CHAR;3
DEPNAIS;Département de naissance du décédé;83;Var;CHAR;3
DEPNAIS;Département de naissance du décédé;84;Vaucluse;CHAR;3
DEPNAIS;Département de naissance du décédé;85;Vendée;CHAR;3
DEPNAIS;Département de naissance du décédé;86;Vienne;CHAR;3
DEPNAIS;Département de naissance du décédé;87;Haute-Vienne;CHAR;3
DEPNAIS;Département de naissance du décédé;88;Vosges;CHAR;3
DEPNAIS;Département de naissance du décédé;89;Yonne;CHAR;3
DEPNAIS;Département de naissance du décédé;90;Territoire de Belfort;CHAR;3
DEPNAIS;Département de naissance du décédé;91;Essonne;CHAR;3
DEPNAIS;Département de naissance du décédé;92;Hauts-de-Seine;CHAR;3
DEPNAIS;Département de naissance du décédé;93;Seine-Saint-Denis;CHAR;3
DEPNAIS;Département de naissance du décédé;94;Val-de-Marne;CHAR;3
DEPNAIS;Département de naissance du décédé;95;Val-d'Oise;CHAR;3
DEPNAIS;Département de naissance du décédé;971;Guadeloupe;CHAR;3
DEPNAIS;Département de naissance du décédé;972;Martinique;CHAR;3
DEPNAIS;Département de naissance du décédé;973;Guyane;CHAR;3
DEPNAIS;Département de naissance du décédé;974;La Réunion;CHAR;3
DEPNAIS;Département de naissance du décédé;975;Saint-Pierre-et-Miquelon;CHAR;3
DEPNAIS;Département de naissance du décédé;976;Mayotte;CHAR;3
DEPNAIS;Département de naissance du décédé;978;Saint-Martin;CHAR;3
DEPNAIS;Département de naissance du décédé;984;Terres australes et antarctiques françaises;CHAR;3
DEPNAIS;Département de naissance du décédé;986;Wallis et Futuna;CHAR;3
DEPNAIS;Département de naissance du décédé;987;Polynésie française;CHAR;3
DEPNAIS;Département de naissance du décédé;988;Nouvelle-Calédonie;CHAR;3
DEPNAIS;Département de naissance du décédé;99;Etranger;CHAR;3
PNAIS;Pays de naissance du défunt;;né en france métropolitaine ou dans un DOM ou dans un COM;CHAR;5
PNAIS;Pays de naissance du défunt;99101;DANEMARK;CHAR;5
PNAIS;Pays de naissance du défunt;99103;NORVEGE;CHAR;5
PNAIS;Pays de naissance du défunt;99104;SUEDE;CHAR;5
PNAIS;Pays de naissance du défunt;99105;FINLANDE;CHAR;5
PNAIS;Pays de naissance du défunt;99106;ESTONIE;CHAR;5
PNAIS;Pays de naissance du défunt;99107;LETTONIE;CHAR;5
PNAIS;Pays de naissance du défunt;99108;LITUANIE;CHAR;5
PNAIS;Pays de naissance du défunt;99109;ALLEMAGNE;CHAR;5
PNAIS;Pays de naissance du défunt;99110;AUTRICHE;CHAR;5
PNAIS;Pays de naissance du défunt;99111;BULGARIE;CHAR;5
PNAIS;Pays de naissance du défunt;99112;HONGRIE;CHAR;5
PNAIS;Pays de naissance du défunt;99114;ROUMANIE;CHAR;5
PNAIS;Pays de naissance du défunt;99115;TCHECOSLOVAQUIE;CHAR;5
PNAIS;Pays de naissance du défunt;99116;TCHEQUE (REPUBLIQUE);CHAR;5
PNAIS;Pays de naissance du défunt;99117;SLOVAQUIE;CHAR;5
PNAIS;Pays de naissance du défunt;99118;BOSNIE-HERZEGOVINE;CHAR;5
PNAIS;Pays de naissance du défunt;99119;CROATIE;CHAR;5
PNAIS;Pays de naissance du défunt;99120;MONTENEGRO;CHAR;5
PNAIS;Pays de naissance du défunt;99121;SERBIE;CHAR;5
PNAIS;Pays de naissance du défunt;99122;POLOGNE;CHAR;5
PNAIS;Pays de naissance du défunt;99123;RUSSIE;CHAR;5
PNAIS;Pays de naissance du défunt;99124;TURQUIE D'EUROPE;CHAR;5
PNAIS;Pays de naissance du défunt;99125;ALBANIE;CHAR;5
PNAIS;Pays de naissance du défunt;99126;GRECE;CHAR;5
PNAIS;Pays de naissance du défunt;99127;ITALIE;CHAR;5
PNAIS;Pays de naissance du défunt;99128;SAINT-MARIN;CHAR;5
PNAIS;Pays de naissance du défunt;99130;ANDORRE;CHAR;5
PNAIS;Pays de naissance du défunt;99131;BELGIQUE;CHAR;5
PNAIS;Pays de naissance du défunt;99132;ROYAUME-UNI;CHAR;5
PNAIS;Pays de naissance du défunt;99133;GIBRALTAR;CHAR;5
PNAIS;Pays de naissance du défunt;99134;ESPAGNE;CHAR;5
PNAIS;Pays de naissance du défunt;99135;PAYS-BAS;CHAR;5
PNAIS;Pays de naissance du défunt;99136;IRLANDE ou EIRE;CHAR;5
PNAIS;Pays de naissance du défunt;99137;LUXEMBOURG;CHAR;5
PNAIS;Pays de naissance du défunt;99138;MONACO;CHAR;5
PNAIS;Pays de naissance du défunt;99139;PORTUGAL;CHAR;5
PNAIS;Pays de naissance du défunt;99140;SUISSE;CHAR;5
PNAIS;Pays de naissance du défunt;99141;RÉPUBLIQUE DÉMOCRATIQUE ALLEMANDE;CHAR;5
PNAIS;Pays de naissance du défunt;99142;REPUBLIQUE FEDERALE D'ALLEMAGNE;CHAR;5
PNAIS;Pays de naissance du défunt;99143;CHYPRE EUROPE;CHAR;5
PNAIS;Pays de naissance du défunt;99144;MALTE;CHAR;5
PNAIS;Pays de naissance du défunt;99145;SLOVENIE;CHAR;5
PNAIS;Pays de naissance du défunt;99148;BIELORUSSIE;CHAR;5
PNAIS;Pays de naissance du défunt;99151;MOLDAVIE;CHAR;5
PNAIS;Pays de naissance du défunt;99155;UKRAINE;CHAR;5
PNAIS;Pays de naissance du défunt;99156;EX-REPUBLIQUE YOUGOSLAVE DE MACEDOINE;CHAR;5
PNAIS;Pays de naissance du défunt;99157;KOSOVO;CHAR;5
PNAIS;Pays de naissance du défunt;99201;ARABIE SAOUDITE;CHAR;5
PNAIS;Pays de naissance du défunt;99203;IRAQ;CHAR;5
PNAIS;Pays de naissance du défunt;99204;IRAN;CHAR;5
PNAIS;Pays de naissance du défunt;99205;LIBAN;CHAR;5
PNAIS;Pays de naissance du défunt;99206;SYRIE;CHAR;5
PNAIS;Pays de naissance du défunt;99207;ISRAEL;CHAR;5
PNAIS;Pays de naissance du défunt;99208;TURQUIE;CHAR;5
PNAIS;Pays de naissance du défunt;99209;SIBÉRIE;CHAR;5
PNAIS;Pays de naissance du défunt;99212;AFGHANISTAN;CHAR;5
PNAIS;Pays de naissance du défunt;99213;PAKISTAN;CHAR;5
PNAIS;Pays de naissance du défunt;99214;BHOUTAN;CHAR;5
PNAIS;Pays de naissance du défunt;99215;NEPAL;CHAR;5
PNAIS;Pays de naissance du défunt;99216;CHINE;CHAR;5
PNAIS;Pays de naissance du défunt;99217;JAPON;CHAR;5
PNAIS;Pays de naissance du défunt;99219;THAILANDE;CHAR;5
PNAIS;Pays de naissance du défunt;99220;PHILIPPINES;CHAR;5
PNAIS;Pays de naissance du défunt;99222;JORDANIE;CHAR;5
PNAIS;Pays de naissance du défunt;99223;INDE;CHAR;5
PNAIS;Pays de naissance du défunt;99224;BIRMANIE;CHAR;5
PNAIS;Pays de naissance du défunt;99226;SINGAPOUR;CHAR;5
PNAIS;Pays de naissance du défunt;99227;MALAISIE;CHAR;5
PNAIS;Pays de naissance du défunt;99230;HONG-KONG;CHAR;5
PNAIS;Pays de naissance du défunt;99231;INDONESIE;CHAR;5
PNAIS;Pays de naissance du défunt;99234;CAMBODGE;CHAR;5
PNAIS;Pays de naissance du défunt;99235;SRI LANKA;CHAR;5
PNAIS;Pays de naissance du défunt;99236;TAÏWAN;CHAR;5
PNAIS;Pays de naissance du défunt;99237;CORÉE;CHAR;5
PNAIS;Pays de naissance du défunt;99238;CORÉE (RÉPUBLIQUE POPULAIRE DÉMOCRATIQUE DE);CHAR;5
PNAIS;Pays de naissance du défunt;99239;COREE (REPUBLIQUE DE);CHAR;5
PNAIS;Pays de naissance du défunt;99240;KOWEIT;CHAR;5
PNAIS;Pays de naissance du défunt;99241;LAOS;CHAR;5
PNAIS;Pays de naissance du défunt;99242;MONGOLIE;CHAR;5
PNAIS;Pays de naissance du défunt;99243;VIET NAM;CHAR;5
PNAIS;Pays de naissance du défunt;99244;VIÊT NAM DU NORD;CHAR;5
PNAIS;Pays de naissance du défunt;99245;VIÊT NAM DU SUD;CHAR;5
PNAIS;Pays de naissance du défunt;99246;BANGLADESH;CHAR;5
PNAIS;Pays de naissance du défunt;99247;EMIRATS ARABES UNIS;CHAR;5
PNAIS;Pays de naissance du défunt;99251;YEMEN;CHAR;5
PNAIS;Pays de naissance du défunt;99252;ARMENIE;CHAR;5
PNAIS;Pays de naissance du défunt;99253;AZERBAIDJAN;CHAR;5
PNAIS;Pays de naissance du défunt;99254;CHYPRE;CHAR;5
PNAIS;Pays de naissance du défunt;99255;GEORGIE;CHAR;5
PNAIS;Pays de naissance du défunt;99256;KAZAKHSTAN;CHAR;5
PNAIS;Pays de naissance du défunt;99257;KIRGHIZISTAN;CHAR;5
PNAIS;Pays de naissance du défunt;99258;OUZBEKISTAN;CHAR;5
PNAIS;Pays de naissance du défunt;99259;TADJIKISTAN;CHAR;5
PNAIS;Pays de naissance du défunt;99260;TURKMENISTAN;CHAR;5
PNAIS;Pays de naissance du défunt;99261;PALESTINE (Etat de);CHAR;5
PNAIS;Pays de naissance du défunt;99301;EGYPTE;CHAR;5
PNAIS;Pays de naissance du défunt;99302;LIBERIA;CHAR;5
PNAIS;Pays de naissance du défunt;99303;AFRIQUE DU SUD;CHAR;5
PNAIS;Pays de naissance du défunt;99304;GAMBIE;CHAR;5
PNAIS;Pays de naissance du défunt;99305;CAMEROUN ET TOGO;CHAR;5
PNAIS;Pays de naissance du défunt;99307;EX-KENYA;CHAR;5
PNAIS;Pays de naissance du défunt;99308;OCÉAN INDIEN (TERRITOIRE BRITANNIQUE DE L');CHAR;5
PNAIS;Pays de naissance du défunt;99309;TANZANIE;CHAR;5
PNAIS;Pays de naissance du défunt;99310;ZIMBABWE;CHAR;5
PNAIS;Pays de naissance du défunt;99312;CONGO (REPUBLIQUE DEMOCRATIQUE);CHAR;5
PNAIS;Pays de naissance du défunt;99313;PROVINCES ESPAGNOLES D'AFRIQUE;CHAR;5
PNAIS;Pays de naissance du défunt;99314;GUINEE EQUATORIALE;CHAR;5
PNAIS;Pays de naissance du défunt;99315;ETHIOPIE;CHAR;5
PNAIS;Pays de naissance du défunt;99316;LIBYE;CHAR;5
PNAIS;Pays de naissance du défunt;99317;ERYTHREE;CHAR;5
PNAIS;Pays de naissance du défunt;99318;SOMALIE;CHAR;5
PNAIS;Pays de naissance du défunt;99319;AÇORES ou MADÈRE;CHAR;5
PNAIS;Pays de naissance du défunt;99320;EX-MOZAMBIQUE;CHAR;5
PNAIS;Pays de naissance du défunt;99321;BURUNDI;CHAR;5
PNAIS;Pays de naissance du défunt;99322;CAMEROUN;CHAR;5
PNAIS;Pays de naissance du défunt;99323;CENTRAFRICAINE (REPUBLIQUE);CHAR;5
PNAIS;Pays de naissance du défunt;99324;CONGO;CHAR;5
PNAIS;Pays de naissance du défunt;99325;TANGER;CHAR;5
PNAIS;Pays de naissance du défunt;99326;COTE D'IVOIRE;CHAR;5
PNAIS;Pays de naissance du défunt;99327;BENIN;CHAR;5
PNAIS;Pays de naissance du défunt;99328;GABON;CHAR;5
PNAIS;Pays de naissance du défunt;99329;GHANA;CHAR;5
PNAIS;Pays de naissance du défunt;99330;GUINEE;CHAR;5
PNAIS;Pays de naissance du défunt;99331;BURKINA;CHAR;5
PNAIS;Pays de naissance du défunt;99332;KENYA;CHAR;5
PNAIS;Pays de naissance du défunt;99333;MADAGASCAR;CHAR;5
PNAIS;Pays de naissance du défunt;99334;MALAWI;CHAR;5
PNAIS;Pays de naissance du défunt;99335;MALI;CHAR;5
PNAIS;Pays de naissance du défunt;99336;MAURITANIE;CHAR;5
PNAIS;Pays de naissance du défunt;99337;NIGER;CHAR;5
PNAIS;Pays de naissance du défunt;99338;NIGERIA;CHAR;5
PNAIS;Pays de naissance du défunt;99339;OUGANDA;CHAR;5
PNAIS;Pays de naissance du défunt;99340;RWANDA;CHAR;5
PNAIS;Pays de naissance du défunt;99341;SENEGAL;CHAR;5
PNAIS;Pays de naissance du défunt;99342;SIERRA LEONE;CHAR;5
PNAIS;Pays de naissance du défunt;99343;SOUDAN;CHAR;5
PNAIS;Pays de naissance du défunt;99344;TCHAD;CHAR;5
PNAIS;Pays de naissance du défunt;99345;TOGO;CHAR;5
PNAIS;Pays de naissance du défunt;99346;ZAMBIE;CHAR;5
PNAIS;Pays de naissance du défunt;99350;MAROC;CHAR;5
PNAIS;Pays de naissance du défunt;99351;TUNISIE;CHAR;5
PNAIS;Pays de naissance du défunt;99352;ALGERIE;CHAR;5
PNAIS;Pays de naissance du défunt;99389;SAHARA OCCIDENTAL;CHAR;5
PNAIS;Pays de naissance du défunt;99390;MAURICE;CHAR;5
PNAIS;Pays de naissance du défunt;99392;GUINEE-BISSAU;CHAR;5
PNAIS;Pays de naissance du défunt;99393;MOZAMBIQUE;CHAR;5
PNAIS;Pays de naissance du défunt;99394;SAO TOME-ET-PRINCIPE;CHAR;5
PNAIS;Pays de naissance du défunt;99395;ANGOLA;CHAR;5
PNAIS;Pays de naissance du défunt;99396;CAP-VERT;CHAR;5
PNAIS;Pays de naissance du défunt;99397;COMORES;CHAR;5
PNAIS;Pays de naissance du défunt;99398;SEYCHELLES;CHAR;5
PNAIS;Pays de naissance du défunt;99399;DJIBOUTI;CHAR;5
PNAIS;Pays de naissance du défunt;99401;CANADA;CHAR;5
PNAIS;Pays de naissance du défunt;99404;ETATS-UNIS;CHAR;5
PNAIS;Pays de naissance du défunt;99405;MEXIQUE;CHAR;5
PNAIS;Pays de naissance du défunt;99406;COSTA RICA;CHAR;5
PNAIS;Pays de naissance du défunt;99407;CUBA;CHAR;5
PNAIS;Pays de naissance du défunt;99408;DOMINICAINE (REPUBLIQUE);CHAR;5
PNAIS;Pays de naissance du défunt;99409;GUATEMALA;CHAR;5
PNAIS;Pays de naissance du défunt;99410;HAITI;CHAR;5
PNAIS;Pays de naissance du défunt;99411;HONDURAS;CHAR;5
PNAIS;Pays de naissance du défunt;99412;NICARAGUA;CHAR;5
PNAIS;Pays de naissance du défunt;99413;PANAMA;CHAR;5
PNAIS;Pays de naissance du défunt;99414;EL SALVADOR;CHAR;5
PNAIS;Pays de naissance du défunt;99415;ARGENTINE;CHAR;5
PNAIS;Pays de naissance du défunt;99416;BRESIL;CHAR;5
PNAIS;Pays de naissance du défunt;99417;CHILI;CHAR;5
PNAIS;Pays de naissance du défunt;99418;BOLIVIE;CHAR;5
PNAIS;Pays de naissance du défunt;99419;COLOMBIE;CHAR;5
PNAIS;Pays de naissance du défunt;99420;EQUATEUR;CHAR;5
PNAIS;Pays de naissance du défunt;99421;PARAGUAY;CHAR;5
PNAIS;Pays de naissance du défunt;99422;PEROU;CHAR;5
PNAIS;Pays de naissance du défunt;99423;URUGUAY;CHAR;5
PNAIS;Pays de naissance du défunt;99424;VENEZUELA;CHAR;5
PNAIS;Pays de naissance du défunt;99425;TERRITOIRES DU ROYAUME-UNI;CHAR;5
PNAIS;Pays de naissance du défunt;99426;JAMAIQUE;CHAR;5
PNAIS;Pays de naissance du défunt;99428;GUYANA;CHAR;5
PNAIS;Pays de naissance du défunt;99431;ANTILLES NÉERLANDAISES;CHAR;5
PNAIS;Pays de naissance du défunt;99432;VIERGES DES ÉTATS-UNIS (ÎLES);CHAR;5
PNAIS;Pays de naissance du défunt;99433;TRINITE-ET-TOBAGO;CHAR;5
PNAIS;Pays de naissance du défunt;99434;BARBADE;CHAR;5
PNAIS;Pays de naissance du défunt;99437;SURINAME;CHAR;5
PNAIS;Pays de naissance du défunt;99438;DOMINIQUE;CHAR;5
PNAIS;Pays de naissance du défunt;99439;SAINTE-LUCIE;CHAR;5
PNAIS;Pays de naissance du défunt;99440;SAINT-VINCENT-ET-LES GRENADINES;CHAR;5
PNAIS;Pays de naissance du défunt;99444;CURAÇAO;CHAR;5
PNAIS;Pays de naissance du défunt;99501;AUSTRALIE;CHAR;5
PNAIS;Pays de naissance du défunt;99502;NOUVELLE-ZELANDE;CHAR;5
PNAIS;Pays de naissance du défunt;99504;ÎLES HAWAÏ;CHAR;5
PNAIS;Pays de naissance du défunt;99506;SAMOA OCCIDENTALES;CHAR;5
PNAIS;Pays de naissance du défunt;99508;FIDJI;CHAR;5
PNAIS;Pays de naissance du défunt;99514;VANUATU;CHAR;5
PNAIS;Pays de naissance du défunt;99990;PAYS INCONNU;CHAR;5
